<?xml version="1.0" encoding="UTF-8" ?>
<Environment>
    <!-- Timeout-->
    <Timeout>5</Timeout>

    <!-- General-->
    <PlatformName>mobile</PlatformName>

    <!-- Web-->
    <BrowserName>chrome</BrowserName>
    <url>https://www.ladymakeup.com/login.html</url>
    <ImageRepo>C:\\Automation\\FinalProject\\ImageRepository\\</ImageRepo>

    <!-- Data Driven Testing-->
    <DDTFile>./DDTFiles/items.csv</DDTFile>

    <!-- Mobile-->
    <UDID>R9AMA23MR2J</UDID>
    <AppPackage>com.shivgadhia.android.ukMortgageCalc</AppPackage>
    <AppActivity>.MainActivity</AppActivity>
    <AppiumServer>http://localhost:4723/wd/hub</AppiumServer>
</Environment>